variable,table,description,Units,values,dataType
EntryName,tbl_InputFile,"Name of the person entering data (string, capitalized [Last_First])",,NA,character
EntryDate,tbl_InputFile,"Year, month, and day  of the data entry (YYYYMMDD)",,NA,datetime
Name,tbl_Site,"Descriptive name of location where sample was collected (string, all lowercase)",,NA,character
Country,tbl_Site,"Name of country where sample was collected, full country name (string, capitalized) Example: United States of America",,NA,character
State,tbl_Site,"Full name of the state or province where the sample was collected (string, capitalized)",,NA,character
Latitude,tbl_Site,"Latitude of site location where sample was collected (numeric, decimal degrees, DDD.DDDDD)",degree,NA,numeric
Longitude,tbl_Site,"Longitude of site location where sample was collected (numeric, decimal degrees, DDD.DDDDD)",degree,NA,numeric
EcosystemType,tbl_Site,The type of ecosystem where sample was collected,,"Lake,Reservoir,Stream,Wetland,River,Saline Lake,Pond,NA",character
TrophicStatus,tbl_Site,Ecosystem trophic state,,"Oligotrophic,Mesotrophic,Eutrophic,NA",character
Elevation,tbl_Site,Meters above sea level (numeric [m]),meter,NA,numeric
Notes,tbl_Site,Additional notes related to the sample location data (string),,NA,character
SampleDate,tbl_SampleEvent,"Date sample was collected  (YYYYMMDD). If only year is known: YYYY0000, if only year and month known: YYYYMM00. Substituting ""00"" for month and/or day indicates ""unknown"".",,NA,datetime
Habitat,tbl_SampleEvent,"Describes the aquatic habitat from which the sample was collected during the sample event, at the specific unique site ID.",,"Pelagic,Benthic,Littoral,Riparian,NA",character
AirTemp,tbl_SampleEvent,"Air Temperature at time of collection in celsius (numeric value, celcius)",,NA,numeric
WaterTemp,tbl_SampleEvent,"Temperature of water at time of collection at the most representative location in degrees celcius, okay to report mean value (Numeric value, calcius)",celsius,NA,numeric
CloudCover,tbl_SampleEvent,"Cloud cover as a percentage (numeric value, 0 to 100[%])",percent,NA,integer
CanopyCover,tbl_SampleEvent,"Canopy cover as a percentage, (numeric value, 0 to 100 [%])",percent,NA,integer
Light,tbl_SampleEvent,Measurement of light levels at time of collection at the most representative location. OK to report a mean value (numeric),,NA,numeric
LightUnits,tbl_SampleEvent,"Units in which light levels were measured in ""Light""(list: micromole per second and square meter [umol_m2_s1], lumen [lm] or lumens per square meter[lm_m2])",,"umol_m2_s,lm,lm_m2,NA",character
Notes,tbl_SampleEvent,"Additional notes related to the sample event data (string, all lowercase) Example: two measures of DO were taken, one can be recorded in the DO column, and one can be included here.",,NA,character
Type,tbl_OrganismStoichiometry,Type of organisn being sampled for stoichiometry data (list),,"Fish,Insecta,Mollusca,Annelida,Amphibian,Crustacean,Periphyton,Seston,FPOM,CPOM,Macrophyte,Bryophyte,NA",character
Origin,tbl_OrganismStoichiometry,"Original source location of the organism being measured. For example, where periphyton is collected. (list)",,"Benthic,Sestonic,Epipsammic,Epiphyte,Epixylon,Epilithon,Epizootic,Epipelon,NA",character
TrophicMode,tbl_OrganismStoichiometry,NA,,"photoautotroph,chemoautotroph,herbivore,omnivore,carnivore,detritivore,saprotroph,other",character
TaxonomicKingdom,tbl_OrganismStoichiometry,Organism's taxonomic kingdom (list),,"Archaebacteria,Eubacteria,Protista,Chromista,Fungi,Plantae,Animalia",character
TaxonomicOrder,tbl_OrganismStoichiometry,"Organism's taxonomic order. Indicate ""NA"" for unknown or for multiple known orders. If multiple known, indicate in Note_Organism column (string, lowercase).",,NA,character
TaxonomicFamily,tbl_OrganismStoichiometry,"Organism's taxonomic family. Indicate ""NA"" for unknown or for multiple known families. If multiple known, indicate in Note_Organism column (string, lowercase).",,NA,character
TaxonomicGenus,tbl_OrganismStoichiometry,"Taxonomic Genus of organism. Indicate ""NA""  for multiple genera, known or unknown. If known, list in Notes_Organism (string, all lowercase)",,NA,character
TaxonomicSpecies,tbl_OrganismStoichiometry,"Species epithet of organism. Indicate ""sp"" for single unkown species. Indicate ""spp"" for multiple species, known or unknown. If known, list in Notes_Organism (string, all lowercase)",,NA,character
SamplePooling,tbl_OrganismStoichiometry,"How individual organism were pooled for the sample: whole_individual, multiple_individuals, or subsample_composite",,"whole_individual,multiple_individuals,subsample_composite,NA",character
StatisticalPooling,tbl_OrganismStoichiometry,"Whether a given observation is statistically pooled or not. Is this observation from one raw independent measure of a sample, or summarizing multiple observations.",,"Independent,Aggregate,NA",logical
SampleSize,tbl_OrganismStoichiometry,Number of individual (statistical) samples contributing to measurement (e.g. a mean) for the sampling event (numeric),,NA,integer
DevelopmentStage,tbl_OrganismStoichiometry,"Name of developmental stage, i.e. pupa, if applicable (string, lowercase)",,NA,character
GutClearance,tbl_OrganismStoichiometry,Did the sample organism(s) have their guts cleared or removed. i.e. caddisflies often have their guts removed before whole-body element analysis occurs.,,"Clearance,Gut_Removed,NA",character
BodyMass,tbl_OrganismStoichiometry,Measured value (numeric),,NA,numeric
BodyMassType,tbl_OrganismStoichiometry,Type of body mass measurement (i.e. dry mass),,"Dry,Wet,AFDM,Carbon,NA",character
BodyMassUnits,tbl_OrganismStoichiometry,Units used in Body_mass,,"kg,g,mg,NA",character
BodySizeNotes,tbl_OrganismStoichiometry,"Additional notes related to body mass (string, all lowercase)",,NA,character
OrganismSampled,tbl_OrganismStoichiometry,Indicate whether the elemental measurements or stoichiometric values are representative of the entire organism (whole_organism) or only part of the organism (partial_organism). (list),,"whole_organism,partial_organism,NA",character
TissueSampled,tbl_OrganismStoichiometry,"If you selected ""partial_organism"" in the ""Stoichiometry_Origin_Organism"" column use this note section to i indicate what part of the organism was sampled for these elemental measurements (string, lowercase)",,NA,character
CarbonMean,tbl_OrganismStoichiometry,"The amount of carbon measured in the sample (numeric, mean)",,NA,numeric
CarbonStdev,tbl_OrganismStoichiometry,standard deviation of carbon (numeric),,NA,numeric
CarbonUnits,tbl_OrganismStoichiometry,Units of measurement of C content (list),,"percent_dm,mg_g_dm,NA",character
CarbonMethod,tbl_OrganismStoichiometry,"Analysis for measuring C content (string, lowercase)",,"CHN_analysis,LOI_C,NA",character
CarbonMethodUrl,tbl_OrganismStoichiometry,"If the organismal carbon analysis method has an associated link to information about the method type or method protocol, add the URL here",,NA,character
NitrogenMean,tbl_OrganismStoichiometry,"The amount of nitrogen measured in the sample (numeric, mean)",,NA,numeric
NitrogenStdev,tbl_OrganismStoichiometry,standard deviation of nitrogen (numeric),,NA,numeric
NitrogenUnits,tbl_OrganismStoichiometry,Units of measurement of N content (list),,"percent_dm,mg_g_dm,NA",character
NitrogenMethod,tbl_OrganismStoichiometry,Analysis for measuring N content (list),,"CHN_analysis,Kjedahl,persulfate,NA",character
NitrogenMethodUrl,tbl_OrganismStoichiometry,"If the organismal nitrogen analysis method has an associated link to information about the method type or method protocol, add the URL here",,NA,character
PhosphorusMean,tbl_OrganismStoichiometry,"The amount of phosphorus measured in the sample (numeric, mean)",,NA,numeric
PhosphorusStdev,tbl_OrganismStoichiometry,The standard deviation of phosphorus (numeric),,NA,numeric
PhosphorusUnits,tbl_OrganismStoichiometry,Units of measurement of P content (list),,"percent_dm,mg_g_dm,NA",character
PhosphorusMethod,tbl_OrganismStoichiometry,Analysis for measuring P content (list),,"ICP_OMS,acid_digest,persulfate_digest,NA",character
PhosphorusMethodUrl,tbl_OrganismStoichiometry,"If the organismal phosphorous analysis method has an associated link to information about the method type or method protocol, add the URL here",,NA,character
CarbonToNitrogenRatio,tbl_OrganismStoichiometry,carbon to nitrogen molar ratio (numeric),,NA,numeric
CarbonToPhosphorusRatio,tbl_OrganismStoichiometry,carbon to phosphorus molar ratio (numeric),,NA,numeric
NitrogenToPhosphorusRatio,tbl_OrganismStoichiometry,nitrogen to phosphorus molar ratio (numeric),,NA,numeric
OtherElementsReported,tbl_OrganismStoichiometry,"Mark ""Y"" only if other element(s) (not C, N, or P) are reported for a whole-body organism in association with the dataset",,"Y,NA",logical
Isotope13C,tbl_OrganismStoichiometry,"Must be on Vienna Pee Dee Belemnite (VPDB) scale (permil, little delta implied).",,NA,numeric
Isotope15N,tbl_OrganismStoichiometry,"Must be on Atmosphere air scale (permil, little delta is implied)",,NA,numeric
OtherIsotopesReported,tbl_OrganismStoichiometry,"Mark ""Y"" if the dataset may include stable isotope data for the given animal other than 13C or 15N (list)",,"Y,NA",logical
Chlorophyll,tbl_OrganismStoichiometry,Measure of chlorophyll content of resource (numeric),,NA,numeric
ChlorophyllUnits,tbl_OrganismStoichiometry,Units of chlorophyll measure (list),,"ug_L,ug_cm2,NA",character
ResourceQuantityReported,tbl_OrganismStoichiometry,"Mark ""Y"" if the dataset may include data on resource quantity (standing stocks or biomass) from the field site. (list)",,"ug_mg_dm,ug_cm2,ug_L,NA",logical
Notes,tbl_OrganismStoichiometry,Additional notes related to organismal (animal or resource) data.,,NA,character
SpecConductivity,tbl_WaterChemistry,"Water conductivity as specific conductivity, (numeric [uS/cm])",,NA,numeric
pHValue,tbl_WaterChemistry,pH value (numeric),,NA,numeric
DO,tbl_WaterChemistry,Measurement of dissolved oxygen (numeric),,NA,numeric
DOUnits,tbl_WaterChemistry,Unit in which the measurement of dissolved oxygen was taken (list),,"percent,mg_L,ppm,other",character
DOC,tbl_WaterChemistry,Dissolved Organic Carbon concentration (numeric),,NA,numeric
DOCUnits,tbl_WaterChemistry,Units of DOC measurement (list),,"mg_L,ug_L,NA",character
NH4,tbl_WaterChemistry,Concentration of elemental N in ammonium (numeric),,NA,numeric
NH4Units,tbl_WaterChemistry,Units of NH4 measurement (list),,"mg_L,ug_L,NA",character
SRP,tbl_WaterChemistry,Concentration of elemental P as Soluble Reactive Phosphorus (numeric),,NA,numeric
SRPUnits,tbl_WaterChemistry,Units of SRP measurement (list),,"mg_L,ug_L,NA",character
NO3,tbl_WaterChemistry,Concentration of elemental N in Nitrate (numeric),,NA,numeric
NO3Units,tbl_WaterChemistry,Units of NO3 measurement (list),,"mg_L,ug_L,NA",character
TDN,tbl_WaterChemistry,"Total Dissolved Nitrogen (numeric, in units of elemental Nitrogen)",,NA,numeric
TDNUnits,tbl_WaterChemistry,Units of Total Dissolved Nitrogen measurement (list),,"mg_L,ug_L,NA",character
TN,tbl_WaterChemistry,"Total Nitrogen (numeric, in units of elemental Nitrogen)",,NA,numeric
TNUnits,tbl_WaterChemistry,Units of total nitrogen (list),,"mg_L,ug_L,NA",character
TDP,tbl_WaterChemistry,"Total Dissolved Phosphorus (numeric, in units of elemental Phosphorus)",,NA,numeric
TDPUnits,tbl_WaterChemistry,Units of Total Dissolved Phosphorus (list),,"mg_L,ug_L,NA",character
TP,tbl_WaterChemistry,Total Phosphorus (numeric in units of elemental Phosphorus),,NA,numeric
TPUnits,tbl_WaterChemistry,Units Total Phosphorus (list),,"mg_L,ug_L,NA",character
StatisticalPooling,tbl_WaterChemistry,"Whether a given observation is statistically pooled or not. Is this observation from one raw independent measure of a sample, or summarizing multiple observations. (list)",,"Independent,Aggregate,NA",logical
SampleSize,tbl_WaterChemistry,Number of individual (statistical) samples contributing to measurement (e.g. a mean) for the sampling event (numeric),,NA,integer
OtherElementsReported,tbl_WaterChemistry,"Mark ""Y"" only if other element(s) (not C, N, or P) dissolved within the water are reported in association with dataset (list)",,"Y,NA",logical
Notes,tbl_WaterChemistry,Additional notes related to water chemistry data,,NA,character
Type,tbl_Source,The source for this set of data (list),,"manualextraction_paper,raw_author,raw_repository,raw_unpublished,NA",character
DOI,tbl_Source,If DOI is available; for published dataset or publication (string),,NA,character
Url,tbl_Source,If available; for publicly accessible data sources (string) e.g. link to database or data repository,,NA,character
Title,tbl_Source,"If the source of this data has a title, write the full title here (string, lowercase)",,NA,character
FirstAuthor,tbl_Source,"If applicable, list the first author of the source of this data; for published sources. Use the format Last, First. Example: Doe, Jane (string, capitalized)",,NA,character
YearPublished,tbl_Source,"If applicable, list the publication year, or the year that this data became publicly available (numeric, 4-digits)",,NA,integer
Journal,tbl_Source,"If the source was published, list the journal. i.e. Ecosystems (string, lowercase)",,NA,character
Publisher,tbl_Source,NA,,NA,character
LitSurveyId,tbl_Source,"If relevant, identify the lit survey unique ID (numeric, 5-digit)",,NA,integer
Organization,tbl_Source,"Identify the organizations affiliated with the dataset. If there are multiple organizations, separate them with a comma (,).",,NA,character
LastName,tbl_Contact,"The last name of the person who has provided the dataset (string, capitalized)",,NA,character
FirstName,tbl_Contact,"The first name of the person who has provided the dataset (string, capitalized)",,NA,character
Email,tbl_Contact,"The email of the person who has provided the dataset (string, all lowercase)",,NA,character
Notes,tbl_Source,Additional notes related to the data source.,,NA,character
Id,tbl_InputFile,Primary key for table,,NA,integer
FilePath,tbl_InputFile,Path to the file when data is imported into the STOICH database (created automatically),,NA,character
ImportDate,tbl_InputFile,Date the data is imported into the STOICH database (automatically entered),,NA,datetime
Id,tbl_Contact,Primary key for table,,NA,integer
Id,tbl_Source,Primary key for table,,NA,integer
ContactId,tbl_Source,Reference to tbl_Contact primary key,,NA,integer
Citation,tbl_Source,NA,,NA,character
Id,tbl_Site,Primary key for table,,NA,integer
Id,tbl_SampleEvent,Primary key for table,,NA,integer
SiteId,tbl_SampleEvent,Reference to tbl_Site primary key,,NA,integer
SourceId,tbl_SampleEvent,Reference to tbl_Source primary key,,NA,integer
InputFileId,tbl_SampleEvent,Reference to tbl_InputFile primary key,,NA,integer
Id,tbl_OrganismStoichiometry,Primary key for table,,NA,integer
SampleEventId,tbl_OrganismStoichiometry,Reference to tbl_SampleEvent primary key,,NA,integer
Id,tbl_WaterChemistry,Primary key for table,,NA,integer
SampleEventId,tbl_WaterChemistry,Reference to tbl_SampleEvent primary key,,NA,integer
