Id,EntryName,EntryDate,FilePath,ImportDate
1,Chad Petersen,2023-06-08T00:00:00Z,20063NEON-as_Stoich_template2023-06-08-cleanDates.csv,2023-06-22T00:00:00Z
2,Chad Petersen,2023-06-21T00:00:00Z,20093NEON-as_Stoich_template2023-06-21-cleanDates.csv,2023-06-22T00:00:00Z
3,Chad Petersen,2023-06-08T00:00:00Z,20163NEON-as_Stoich_template2023-06-08-cleanDates.csv,2023-06-22T00:00:00Z
4,Brucker_Casey,2023-02-28T00:00:00Z,CompletedTemplate_Brucker_Chodkowski_2017_Petersen-cleanDates.csv,2023-06-22T00:00:00Z
5,Brucker_Casey,2023-03-13T00:00:00Z,CompletedTemplate_Brucker_Elser_2022-cleanDates.csv,2023-06-22T00:00:00Z
6,Edwards_John,2023-01-04T00:00:00Z,CompletedTemplate_Edwards_Soto_2019_V20221020_Petersen-cleanDates.csv,2023-06-23T00:00:00Z
7,Saville_Abigail,2023-01-23T00:00:00Z,CompletedTemplate_Saville_Baker_2013_20221020_Petersen-cleanDates.csv,2023-06-23T00:00:00Z
