Id,Name,Latitude,Longitude,State,Country,EcosystemType,TrophicStatus,Elevation,Notes
1,Lower Hop Brook NEON,42.471373,-72.326803,MA,USA,Stream,NA,193.7,NA
2,Lower Hop Brook NEON,42.471381,-72.327422,MA,USA,Stream,NA,202.3,NA
3,Lower Hop Brook NEON,42.471635,-72.327672,MA,USA,Stream,NA,205,NA
4,Lower Hop Brook NEON,42.472215,-72.329158,MA,USA,Stream,NA,206.3,NA
5,Lower Hop Brook NEON,42.472094,-72.331178,MA,USA,Stream,NA,207.3,NA
6,Lower Hop Brook NEON,42.47342,-72.331611,MA,USA,Stream,NA,212.3,NA
7,Lake Barco NEON,29.675982,-82.008414,FL,USA,Lake,NA,27,NA
8,Lake Suggs NEON,29.68778,-82.017745,FL,USA,Lake,NA,32,NA
9,Rio Yahuecas NEON,18.174359,-66.800063,PR,USA,Stream,NA,548.2,NA
10,Crampton Lake NEON,46.209675,-89.473688,WI,USA,Lake,NA,509,NA
11,Little Rock Lake NEON,45.998269,-89.704767,WI,USA,Lake,NA,502,NA
12,Walker Branch NEON,35.956053,-84.278692,TN,USA,Stream,NA,252.4,NA
13,Walker Branch NEON,35.956273,-84.278732,TN,USA,Stream,NA,261.1,NA
14,Walker Branch NEON,35.958324,-84.279372,TN,USA,Stream,NA,277.7,NA
15,Walker Branch NEON,35.958941,-84.279841,TN,USA,Stream,NA,278.8,NA
16,Walker Branch NEON,35.959391,-84.280361,TN,USA,Stream,NA,272.7,NA
17,Black Warrior River NEON,32.54076,-87.79831,AL,USA,River,NA,20,NA
18,Mayfield Creek NEON,32.958982,-87.407761,AL,USA,Stream,NA,78.4,NA
19,Prairie Lake NEON,47.159476,-99.118832,ND,USA,Lake,NA,565,NA
20,Prairie Pothole NEON,47.129839,-99.253147,ND,USA,Lake,NA,579,NA
21,Arikaree River NEON,39.759877,-102.444966,CO,USA,Stream,NA,1178.3,NA
22,Arikaree River NEON,39.759079,-102.44504,CO,USA,Stream,NA,1178.6,NA
23,Arikaree River NEON,39.758659,-102.44586,CO,USA,Stream,NA,1178.6,NA
24,Arikaree River NEON,39.758229,-102.448521,CO,USA,Stream,NA,1178.8,NA
25,Arikaree River NEON,39.758574,-102.448903,CO,USA,Stream,NA,1178.1,NA
26,Arikaree River NEON,39.758533,-102.450398,CO,USA,Stream,NA,1179.8,NA
27,Arikaree River NEON,39.758582,-102.450811,CO,USA,Stream,NA,1179.8,NA
28,Arikaree River NEON,39.758867,-102.451374,CO,USA,Stream,NA,1179.3,NA
29,Arikaree River NEON,39.759033,-102.452015,CO,USA,Stream,NA,1179.2,NA
30,Arikaree River NEON,39.759013,-102.452225,CO,USA,Stream,NA,1180.4,NA
31,Blue River NEON,34.442998,-96.623391,OK,USA,Stream,NA,286.6,NA
32,Pringle Creek NEON,33.378085,-97.779884,TX,USA,Stream,NA,252,NA
33,Pringle Creek NEON,33.378336,-97.783046,TX,USA,Stream,NA,253.2,NA
34,Como Creek NEON,40.033463,-105.541431,CO,USA,Stream,NA,3009.8,NA
35,Como Creek NEON,40.034906,-105.544064,CO,USA,Stream,NA,3024.2,NA
36,Como Creek NEON,40.035031,-105.545189,CO,USA,Stream,NA,3031.2,NA
37,Como Creek NEON,40.034672,-105.545958,CO,USA,Stream,NA,3039.8,NA
38,Como Creek NEON,40.034718,-105.547421,CO,USA,Stream,NA,3058.3,NA
39,West St Louis Creek NEON,39.891161,-105.914011,CO,USA,Stream,NA,2912.8,NA
40,West St Louis Creek NEON,39.891484,-105.917043,CO,USA,Stream,NA,2931.6,NA
41,West St Louis Creek NEON,39.891416,-105.917532,CO,USA,Stream,NA,2930.6,NA
42,Red Butte Creek NEON,40.784627,-111.796265,UT,USA,Stream,NA,1706.9,NA
43,Upper Big Creek NEON,37.058013,-119.256002,CA,USA,Stream,NA,1129.7,NA
44,Upper Big Creek NEON,37.058564,-119.256419,CA,USA,Stream,NA,1130.2,NA
45,Upper Big Creek NEON,37.059894,-119.257843,CA,USA,Stream,NA,1130.6,NA
46,Upper Big Creek NEON,37.061924,-119.258304,CA,USA,Stream,NA,1127.6,NA
47,Upper Big Creek NEON,37.062276,-119.259041,CA,USA,Stream,NA,1140.4,NA
48,Upper Big Creek NEON,37.062664,-119.259561,CA,USA,Stream,NA,1134.4,NA
49,Upper Big Creek NEON,37.062742,-119.259698,CA,USA,Stream,NA,1137.2,NA
50,Teakettle Creek - Watershed 2 NEON,36.955312,-119.023204,CA,USA,Stream,NA,2001.6,NA
51,Teakettle Creek - Watershed 2 NEON,36.955076,-119.023581,CA,USA,Stream,NA,2005.2,NA
52,Teakettle Creek - Watershed 2 NEON,36.954751,-119.023845,CA,USA,Stream,NA,2010,NA
53,Teakettle Creek - Watershed 2 NEON,36.954528,-119.024253,CA,USA,Stream,NA,2012,NA
54,Teakettle Creek - Watershed 2 NEON,36.954795,-119.025794,CA,USA,Stream,NA,2037.2,NA
55,Teakettle Creek - Watershed 2 NEON,36.955257,-119.02663,CA,USA,Stream,NA,2041.9,NA
56,Teakettle Creek - Watershed 2 NEON,36.955812,-119.026576,CA,USA,Stream,NA,2043.5,NA
57,Teakettle Creek - Watershed 2 NEON,36.956018,-119.027127,CA,USA,Stream,NA,2050.7,NA
58,Teakettle Creek - Watershed 2 NEON,36.956562,-119.02834,CA,USA,Stream,NA,2033.5,NA
59,Oksrukuyik Creek NEON,68.669308,-149.144107,AK,USA,Stream,NA,768.6,NA
60,Oksrukuyik Creek NEON,68.66859,-149.152336,AK,USA,Stream,NA,770.9,NA
61,Oksrukuyik Creek NEON,68.668488,-149.154167,AK,USA,Stream,NA,771.2,NA
62,Toolik Lake NEON,68.632676,-149.607126,AK,USA,Lake,NA,715,NA
63,Lower Hop Brook NEON,42.471741,-72.330664,MA,USA,Stream,NA,213.6,NA
64,Lewis Run NEON,39.094218,-77.981434,VA,USA,Stream,NA,126.8,NA
65,Posey Creek NEON,38.895193,-78.147862,VA,USA,Stream,NA,271.9,NA
66,Lake Barco NEON,29.677479,-82.00771,FL,USA,Lake,NA,26,NA
67,Flint River NEON,31.184609,-84.438438,GA,USA,River,NA,30,NA
68,Lake Suggs NEON,29.688149,-82.017318,FL,USA,Lake,NA,30,NA
69,Lake Suggs NEON,29.685093,-82.018412,FL,USA,Lake,NA,30.2,NA
70,Lake Suggs NEON,29.687601,-82.020598,FL,USA,Lake,NA,30.3,NA
71,Rio Cupeyes NEON,18.110265,-66.986411,PR,USA,Stream,NA,149.9,NA
72,Rio Yahuecas NEON,18.174097,-66.799717,PR,USA,Stream,NA,546.3,NA
73,Crampton Lake NEON,46.210592,-89.476861,WI,USA,Lake,NA,509,NA
74,Little Rock Lake NEON,45.998322,-89.704766,WI,USA,Lake,NA,502,NA
75,Kings Creek NEON,39.105069,-96.603387,KS,USA,Stream,NA,324.9,NA
76,Kings Creek NEON,39.105061,-96.603829,KS,USA,Stream,NA,324.4,NA
77,McDiffett Creek NEON,38.946553,-96.442948,KS,USA,Stream,NA,371.2,NA
78,McDiffett Creek NEON,38.945861,-96.443022,KS,USA,Stream,NA,396,NA
79,LeConte Creek NEON,35.692201,-83.504427,TN,USA,Stream,NA,536.3,NA
80,Walker Branch NEON,35.957219,-84.279211,TN,USA,Stream,NA,261.7,NA
81,Black Warrior River NEON,32.54067,-87.79806,AL,USA,River,NA,20,NA
82,Mayfield Creek NEON,32.961588,-87.408223,AL,USA,Stream,NA,70,NA
83,Lower Tombigbee River NEON,31.85382,-88.1573,AL,USA,River,NA,20,NA
84,Prairie Lake NEON,47.159718,-99.118723,ND,USA,Lake,NA,561,NA
85,Prairie Pothole NEON,47.130692,-99.253482,ND,USA,Lake,NA,590,NA
86,Arikaree River NEON,39.758359,-102.448595,CO,USA,Stream,NA,1178.7,NA
87,Blue River NEON,34.443439,-96.623887,OK,USA,Stream,NA,286.7,NA
88,Blue River NEON,34.448448,-96.622796,OK,USA,Stream,NA,288.3,NA
89,Blue River NEON,34.444218,-96.624201,OK,USA,Stream,NA,289,NA
90,Pringle Creek NEON,33.37843,-97.781508,TX,USA,Stream,NA,251.1,NA
91,Pringle Creek NEON,33.378517,-97.782312,TX,USA,Stream,NA,253.2,NA
92,Blacktail Deer Creek NEON,44.953606,-110.589396,WY,USA,Stream,NA,2023.3,NA
93,Como Creek NEON,40.034937,-105.544424,CO,USA,Stream,NA,3023,NA
94,West St Louis Creek NEON,39.890674,-105.911293,CO,USA,Stream,NA,2901.2,NA
95,Sycamore Creek NEON,33.750886,-111.508124,AZ,USA,Stream,NA,643.1,NA
96,Sycamore Creek NEON,33.750993,-111.508091,AZ,USA,Stream,NA,645,NA
97,Red Butte Creek NEON,40.783659,-111.798106,UT,USA,Stream,NA,1690.9,NA
98,Red Butte Creek NEON,40.783934,-111.797887,UT,USA,Stream,NA,1694.2,NA
99,Martha Creek NEON,45.79233,-121.929416,WA,USA,Stream,NA,333.7,NA
100,McRae Creek NEON,44.258957,-122.165861,OR,USA,Stream,NA,864.1,NA
101,Upper Big Creek NEON,37.057672,-119.255375,CA,USA,Stream,NA,1129.9,NA
102,Teakettle Creek - Watershed 2 NEON,36.955224,-119.023553,CA,USA,Stream,NA,2002.8,NA
103,Oksrukuyik Creek NEON,68.669651,-149.143505,AK,USA,Stream,NA,767.2,NA
104,Oksrukuyik Creek NEON,68.669659,-149.143501,AK,USA,Stream,NA,767.4,NA
105,Oksrukuyik Creek NEON,68.669753,-149.143018,AK,USA,Stream,NA,766,NA
106,Toolik Lake NEON,68.630699,-149.611405,AK,USA,Lake,NA,715,NA
107,Toolik Lake NEON,68.640502,-149.596089,AK,USA,Lake,NA,717,NA
108,Toolik Lake NEON,68.62586,-149.5982,AK,USA,Lake,NA,717,NA
109,Caribou Creek NEON,65.15308,-147.501997,AK,USA,Stream,NA,225.7,NA
110,Caribou Creek NEON,65.153224,-147.503973,AK,USA,Stream,NA,224.9,NA
111,Lower Hop Brook NEON,42.471941,-72.329526,MA,USA,Stream,NA,203.4,NA
112,Lewis Run NEON,39.095637,-77.983216,VA,USA,Stream,NA,152,NA
113,Posey Creek NEON,38.89431,-78.147258,VA,USA,Stream,NA,275.8,NA
114,Lake Barco NEON,29.674748,-82.008401,FL,USA,Lake,NA,27.1,NA
115,Lake Barco NEON,29.677784,-82.00767,FL,USA,Lake,NA,24.7,NA
116,Lake Barco NEON,29.677034,-82.006975,FL,USA,Lake,NA,26.1,NA
117,Lake Barco NEON,29.676118,-82.006564,FL,USA,Lake,NA,22.2,NA
118,Lake Barco NEON,29.675164,-82.006743,FL,USA,Lake,NA,22.5,NA
119,Lake Barco NEON,29.674476,-82.007454,FL,USA,Lake,NA,25.9,NA
120,Lake Barco NEON,29.674507,-82.008596,FL,USA,Lake,NA,26.6,NA
121,Lake Barco NEON,29.674953,-82.009818,FL,USA,Lake,NA,26.4,NA
122,Lake Barco NEON,29.675584,-82.010729,FL,USA,Lake,NA,25.1,NA
123,Lake Barco NEON,29.676597,-82.009967,FL,USA,Lake,NA,19.5,NA
124,Lake Barco NEON,29.677686,-82.008911,FL,USA,Lake,NA,24.2,NA
125,Flint River NEON,31.185424,-84.437403,GA,USA,River,NA,30,NA
126,Flint River NEON,31.182647,-84.44158,GA,USA,River,NA,33.7,NA
127,Flint River NEON,31.185744,-84.437733,GA,USA,River,NA,33.9,NA
128,Flint River NEON,31.18921,-84.434636,GA,USA,River,NA,38,NA
129,Flint River NEON,31.186885,-84.435329,GA,USA,River,NA,34,NA
130,Flint River NEON,31.183373,-84.438931,GA,USA,River,NA,34,NA
131,Flint River NEON,31.181911,-84.441051,GA,USA,River,NA,34,NA
132,Lake Suggs NEON,29.689972,-82.015337,FL,USA,Lake,NA,27.9,NA
133,Lake Suggs NEON,29.690679,-82.017404,FL,USA,Lake,NA,27.9,NA
134,Lake Suggs NEON,29.69038,-82.019605,FL,USA,Lake,NA,27.9,NA
135,Lake Suggs NEON,29.688825,-82.020784,FL,USA,Lake,NA,27.9,NA
136,Lake Suggs NEON,29.687067,-82.020473,FL,USA,Lake,NA,27.9,NA
137,Lake Suggs NEON,29.685231,-82.020373,FL,USA,Lake,NA,27.9,NA
138,Lake Suggs NEON,29.684758,-82.018516,FL,USA,Lake,NA,27.9,NA
139,Lake Suggs NEON,29.685435,-82.016359,FL,USA,Lake,NA,27.9,NA
140,Lake Suggs NEON,29.686477,-82.014568,FL,USA,Lake,NA,27.9,NA
141,Lake Suggs NEON,29.688129,-82.014426,FL,USA,Lake,NA,27.9,NA
142,Rio Cupeyes NEON,18.11352,-66.98676,PR,USA,Stream,NA,157,NA
143,Rio Yahuecas NEON,18.17406,-66.79868,PR,USA,Stream,NA,550.7,NA
144,Crampton Lake NEON,46.207952,-89.476193,WI,USA,Lake,NA,512.5,NA
145,Crampton Lake NEON,46.211995,-89.47446,WI,USA,Lake,NA,512.5,NA
146,Crampton Lake NEON,46.211208,-89.478274,WI,USA,Lake,NA,511,NA
147,Crampton Lake NEON,46.21193,-89.475007,WI,USA,Lake,NA,508.4,NA
148,Crampton Lake NEON,46.211728,-89.47091,WI,USA,Lake,NA,510.6,NA
149,Crampton Lake NEON,46.209689,-89.468752,WI,USA,Lake,NA,512.4,NA
150,Crampton Lake NEON,46.208228,-89.47127,WI,USA,Lake,NA,510.4,NA
151,Crampton Lake NEON,46.209007,-89.472853,WI,USA,Lake,NA,512.7,NA
152,Crampton Lake NEON,46.207433,-89.47522,WI,USA,Lake,NA,514.4,NA
153,Crampton Lake NEON,46.205971,-89.472702,WI,USA,Lake,NA,510.8,NA
154,Crampton Lake NEON,46.206543,-89.476401,WI,USA,Lake,NA,510.5,NA
155,Crampton Lake NEON,46.209167,-89.477353,WI,USA,Lake,NA,509.7,NA
156,Little Rock Lake NEON,45.995205,-89.706502,WI,USA,Lake,NA,496.5,NA
157,Little Rock Lake NEON,46.000609,-89.704078,WI,USA,Lake,NA,495.9,NA
158,Little Rock Lake NEON,46.000768,-89.704041,WI,USA,Lake,NA,496,NA
159,Little Rock Lake NEON,45.99897,-89.70249,WI,USA,Lake,NA,497,NA
160,Little Rock Lake NEON,45.996377,-89.704103,WI,USA,Lake,NA,498.6,NA
161,Little Rock Lake NEON,45.997032,-89.700316,WI,USA,Lake,NA,495.3,NA
162,Little Rock Lake NEON,45.99534,-89.698224,WI,USA,Lake,NA,501.7,NA
163,Little Rock Lake NEON,45.994889,-89.701365,WI,USA,Lake,NA,496,NA
164,Little Rock Lake NEON,45.995426,-89.704281,WI,USA,Lake,NA,496.3,NA
165,Little Rock Lake NEON,45.994754,-89.706463,WI,USA,Lake,NA,498.5,NA
166,Little Rock Lake NEON,45.997072,-89.705716,WI,USA,Lake,NA,500.2,NA
167,Little Rock Lake NEON,45.998976999999996,-89.706329,WI,USA,Lake,NA,497.1,NA
168,LeConte Creek NEON,35.690428,-83.50379,TN,USA,Stream,NA,579,NA
169,Walker Branch NEON,35.957378,-84.279251,TN,USA,Stream,NA,264.2,NA
170,Black Warrior River NEON,32.536801,-87.800432,AL,USA,River,NA,20,NA
171,Black Warrior River NEON,32.538719,-87.799214,AL,USA,River,NA,20,NA
172,Black Warrior River NEON,32.540759,-87.798311,AL,USA,River,NA,20,NA
173,Black Warrior River NEON,32.54292,-87.798066,AL,USA,River,NA,20,NA
174,Black Warrior River NEON,32.545086,-87.798338,AL,USA,River,NA,20,NA
175,Black Warrior River NEON,32.5451,-87.796939,AL,USA,River,NA,20,NA
176,Black Warrior River NEON,32.54276,-87.796706,AL,USA,River,NA,20,NA
177,Black Warrior River NEON,32.540444,-87.797122,AL,USA,River,NA,20,NA
178,Black Warrior River NEON,32.538258,-87.798136,AL,USA,River,NA,20,NA
179,Black Warrior River NEON,32.536187,-87.799447,AL,USA,River,NA,20,NA
180,Mayfield Creek NEON,32.960365,-87.407688,AL,USA,Stream,NA,76.7,NA
181,Lower Tombigbee River NEON,31.853431,-88.158872,AL,USA,River,NA,20,NA
182,Lower Tombigbee River NEON,31.849571,-88.161916,AL,USA,River,NA,7.3,NA
183,Lower Tombigbee River NEON,31.85178,-88.161217,AL,USA,River,NA,7.3,NA
184,Lower Tombigbee River NEON,31.853668,-88.159787,AL,USA,River,NA,7.3,NA
185,Lower Tombigbee River NEON,31.855271,-88.157986,AL,USA,River,NA,7.3,NA
186,Lower Tombigbee River NEON,31.85709,-88.156374,AL,USA,River,NA,7.3,NA
187,Lower Tombigbee River NEON,31.855489,-88.15416,AL,USA,River,NA,7.3,NA
188,Lower Tombigbee River NEON,31.854416,-88.156161,AL,USA,River,NA,7.3,NA
189,Lower Tombigbee River NEON,31.852821,-88.157609,AL,USA,River,NA,7.3,NA
190,Lower Tombigbee River NEON,31.850973,-88.158592,AL,USA,River,NA,7.3,NA
191,Lower Tombigbee River NEON,31.849051,-88.159348,AL,USA,River,NA,7.3,NA
192,Prairie Lake NEON,47.159093,-99.114228,ND,USA,Lake,NA,562.4,NA
193,Prairie Lake NEON,47.16085,-99.120215,ND,USA,Lake,NA,562.3,NA
194,Prairie Lake NEON,47.16041,-99.120862,ND,USA,Lake,NA,564.2,NA
195,Prairie Lake NEON,47.161496,-99.118068,ND,USA,Lake,NA,564.5,NA
196,Prairie Lake NEON,47.161713,-99.115755,ND,USA,Lake,NA,564.4,NA
197,Prairie Lake NEON,47.161979,-99.113416,ND,USA,Lake,NA,564.3,NA
198,Prairie Lake NEON,47.160532,-99.113847,ND,USA,Lake,NA,563.9,NA
199,Prairie Lake NEON,47.158533,-99.114713,ND,USA,Lake,NA,564.6,NA
200,Prairie Lake NEON,47.157105,-99.116611,ND,USA,Lake,NA,564.1,NA
201,Prairie Lake NEON,47.158039,-99.119199,ND,USA,Lake,NA,564.7,NA
202,Prairie Lake NEON,47.15842,-99.121143,ND,USA,Lake,NA,564.3,NA
203,Prairie Pothole NEON,47.129671,-99.254694,ND,USA,Lake,NA,591.7,NA
204,Prairie Pothole NEON,47.131108,-99.250809,ND,USA,Lake,NA,591.9,NA
205,Prairie Pothole NEON,47.130336,-99.250391,ND,USA,Lake,NA,589.6,NA
206,Prairie Pothole NEON,47.129339,-99.251479,ND,USA,Lake,NA,590.5,NA
207,Prairie Pothole NEON,47.128397,-99.252532,ND,USA,Lake,NA,590.5,NA
208,Prairie Pothole NEON,47.127615,-99.25385,ND,USA,Lake,NA,590.4,NA
209,Prairie Pothole NEON,47.127959,-99.25508,ND,USA,Lake,NA,590.2,NA
210,Prairie Pothole NEON,47.129155,-99.255139,ND,USA,Lake,NA,591.7,NA
211,Prairie Pothole NEON,47.130142,-99.254748,ND,USA,Lake,NA,590.9,NA
212,Prairie Pothole NEON,47.131309,-99.254597,ND,USA,Lake,NA,590.7,NA
213,Prairie Pothole NEON,47.131673,-99.252767,ND,USA,Lake,NA,590.2,NA
214,Prairie Pothole NEON,47.131438,-99.251132,ND,USA,Lake,NA,590.4,NA
215,Arikaree River NEON,39.758206,-102.447148,CO,USA,Stream,NA,1179.5,NA
216,Blacktail Deer Creek NEON,44.95011,-110.58715,WY,USA,Stream,NA,2053,NA
217,Como Creek NEON,40.034962,-105.544164,CO,USA,Stream,NA,3021.6,NA
218,West St Louis Creek NEON,39.891366,-105.915395,CO,USA,Stream,NA,2908,NA
219,Martha Creek NEON,45.790835,-121.933788,WA,USA,Stream,NA,337,NA
220,McRae Creek NEON,44.259598,-122.165554,OR,USA,Stream,NA,876,NA
221,Upper Big Creek NEON,37.059719,-119.257549,CA,USA,Stream,NA,1197,NA
222,Teakettle Creek - Watershed 2 NEON,36.955931,-119.027363,CA,USA,Stream,NA,2011,NA
223,Toolik Lake NEON,68.625357,-149.599723,AK,USA,Lake,NA,715.3,NA
224,Toolik Lake NEON,68.62787,-149.612396,AK,USA,Lake,NA,715.7,NA
225,Toolik Lake NEON,68.631898,-149.622142,AK,USA,Lake,NA,716.3,NA
226,Toolik Lake NEON,68.633829,-149.630783,AK,USA,Lake,NA,716.7,NA
227,Toolik Lake NEON,68.635208,-149.61497,AK,USA,Lake,NA,716.6,NA
228,Toolik Lake NEON,68.637315,-149.606243,AK,USA,Lake,NA,717.1,NA
229,Toolik Lake NEON,68.640063,-149.597864,AK,USA,Lake,NA,716.2,NA
230,Toolik Lake NEON,68.636829,-149.591496,AK,USA,Lake,NA,716.2,NA
231,Toolik Lake NEON,68.633035,-149.589626,AK,USA,Lake,NA,715.5,NA
232,Toolik Lake NEON,68.629073,-149.592146,AK,USA,Lake,NA,715.2,NA
233,"McCulloch Park, White River",40.201131,-85.380356,Indiana,United States of America,River,NA,NA,These sites were all in close proximity to each other (within 2km) and connected via river or stream reach and were not different from each other in physiochemical characteristics
234,Truitt Ditch,40.18725,-85.346472,Indiana,United States of America,River,NA,NA,These sites were all in close proximity to each other (within 2km) and connected via river or stream reach and were not different from each other in physiochemical characteristics
235,"South Burlington, White River",40.185356,-85.438308,Indiana,United States of America,River,NA,NA,These sites were all in close proximity to each other (within 2km) and connected via river or stream reach and were not different from each other in physiochemical characteristics
236,"Muncie BWQ, White River",40.201131,-85.380356,Indiana,United States of America,River,NA,NA,These sites were all in close proximity to each other (within 2km) and connected via river or stream reach and were not different from each other in physiochemical characteristics
237,Truitt Ditch,40.18489416,-85.46070151,Indiana,United States of America,River,NA,NA,These sites were all in close proximity to each other (within 2km) and connected via river or stream reach and were not different from each other in physiochemical characteristics
238,Truitt Ditch,40.18483725,-85.46346111,Indiana,United States of America,River,NA,NA,These sites were all in close proximity to each other (within 2km) and connected via river or stream reach and were not different from each other in physiochemical characteristics
239,Truitt Ditch,40.18478034,-85.46622072,Indiana,United States of America,River,NA,NA,These sites were all in close proximity to each other (within 2km) and connected via river or stream reach and were not different from each other in physiochemical characteristics
240,Truitt Ditch,40.18472342,-85.46898032,Indiana,United States of America,River,NA,NA,These sites were all in close proximity to each other (within 2km) and connected via river or stream reach and were not different from each other in physiochemical characteristics
241,Truitt Ditch,40.18466651,-85.47173992,Indiana,United States of America,River,NA,NA,These sites were all in close proximity to each other (within 2km) and connected via river or stream reach and were not different from each other in physiochemical characteristics
242,"South Burlington, White River",40.1846096,-85.47449953,Indiana,United States of America,River,NA,NA,These sites were all in close proximity to each other (within 2km) and connected via river or stream reach and were not different from each other in physiochemical characteristics
243,"South Burlington, White River",40.18455268,-85.47725913,Indiana,United States of America,River,NA,NA,These sites were all in close proximity to each other (within 2km) and connected via river or stream reach and were not different from each other in physiochemical characteristics
244,"South Burlington, White River",40.18449577,-85.48001873,Indiana,United States of America,River,NA,NA,These sites were all in close proximity to each other (within 2km) and connected via river or stream reach and were not different from each other in physiochemical characteristics
245,"South Burlington, White River",40.18443886,-85.48277834,Indiana,United States of America,River,NA,NA,These sites were all in close proximity to each other (within 2km) and connected via river or stream reach and were not different from each other in physiochemical characteristics
246,"South Burlington, White River",40.18438194,-85.48553794,Indiana,United States of America,River,NA,NA,These sites were all in close proximity to each other (within 2km) and connected via river or stream reach and were not different from each other in physiochemical characteristics
247,"South Burlington, White River",40.18432503,-85.48829755,Indiana,United States of America,River,NA,NA,These sites were all in close proximity to each other (within 2km) and connected via river or stream reach and were not different from each other in physiochemical characteristics
248,"South Burlington, White River",40.18426812,-85.49105715,Indiana,United States of America,River,NA,NA,These sites were all in close proximity to each other (within 2km) and connected via river or stream reach and were not different from each other in physiochemical characteristics
249,"South Burlington, White River",40.1842112,-85.49381675,Indiana,United States of America,River,NA,NA,These sites were all in close proximity to each other (within 2km) and connected via river or stream reach and were not different from each other in physiochemical characteristics
250,Truitt Ditch,40.18415429,-85.49657636,Indiana,United States of America,River,NA,NA,These sites were all in close proximity to each other (within 2km) and connected via river or stream reach and were not different from each other in physiochemical characteristics
251,"South Burlington, White River",40.18409738,-85.49933596,Indiana,United States of America,River,NA,NA,These sites were all in close proximity to each other (within 2km) and connected via river or stream reach and were not different from each other in physiochemical characteristics
252,"South Burlington, White River",40.18404046,-85.50209557,Indiana,United States of America,River,NA,NA,These sites were all in close proximity to each other (within 2km) and connected via river or stream reach and were not different from each other in physiochemical characteristics
253,"South Burlington, White River",40.18398355,-85.50485517,Indiana,United States of America,River,NA,NA,These sites were all in close proximity to each other (within 2km) and connected via river or stream reach and were not different from each other in physiochemical characteristics
254,flathead lake,47.902,-114.104,Montana,United States of America,Lake,Oligotrophic,NA,NA
255,flathead lake,NA,NA,Montana,United States of America,Lake,Oligotrophic,NA,NA
256,congo river,NA,NA,Democratic Republic of the Congo,Africa,River,NA,NA,mainstream congo river
257,"lomami, congo river",NA,NA,Democratic Republic of the Congo,Africa,River,NA,NA,subcatchment of congo river
258,"lubilu, congo river",NA,NA,Democratic Republic of the Congo,Africa,River,NA,NA,subcatchment of congo river
259,"lobaye, congo river",NA,NA,Democratic Republic of the Congo,Africa,River,NA,NA,tributary of lomami
260,Arkansas Bay,NA,NA,Texas,United States of America,Salt Marsh,NA,NA,Sampled between the 2nd-18th
261,Galveston Bay,NA,NA,Texas,United States of America,Salt Marsh,NA,NA,Sampled between the 2nd-18th
262,Sabine Lake,NA,NA,"Texas, Louisiana",United States of America,Salt Marsh,NA,NA,Sampled between the 2nd-18th
263,Timbalier Bay,NA,NA,Louisiana,United States of America,Salt Marsh,NA,NA,Sampled between the 2nd-18th
264,Barataria Bay,NA,NA,Louisiana,United States of America,Salt Marsh,NA,NA,Sampled between the 2nd-18th
265,Bay St Louis,NA,NA,Mississippi,United States of America,Salt Marsh,NA,NA,Sampled between the 2nd-18th
266,West Bay (Panama City),NA,NA,Florida,United States of America,Salt Marsh,NA,NA,Sampled between the 2nd-18th
267,Cedar Key,NA,NA,Florida,United States of America,Salt Marsh,NA,NA,Sampled between the 2nd-18th
268,Chicopit Bay (Mayport),NA,NA,Florida,United States of America,Salt Marsh,NA,NA,Sampled between the 2nd-18th
269,St Simons Sound,NA,NA,Georgia,United States of America,Salt Marsh,NA,NA,Sampled between the 2nd-18th
270,Charleston Bay,NA,NA,South Carolina,United States of America,Salt Marsh,NA,NA,Sampled between the 2nd-18th
271,Wrightsville Beach,NA,NA,North Carolina,United States of America,Salt Marsh,NA,NA,Sampled between the 2nd-18th
272,Newport River (Beaufort),NA,NA,North Carolina,United States of America,Salt Marsh,NA,NA,Sampled between the 2nd-18th
273,Pamlico Sound,NA,NA,North Carolina,United States of America,Salt Marsh,NA,NA,Sampled between the 2nd-18th
274,Chesapeake,NA,NA,Virginia,United States of America,Salt Marsh,NA,NA,Sampled between the 2nd-18th
