Id,ContactId,Type,Citation,DOI,Url,Title,FirstAuthor,YearPublished,Journal,Publisher,LitSurveyId,Organization,Notes
1,1,raw_repository,"NEON (National Ecological Observatory Network). Aquatic plant bryophyte chemical properties (DP1.20063.001), RELEASE-2023. https://doi.org/10.48443/f1f5-rq28. Dataset accessed from https://data.neonscience.org on March 9, 2023",https://doi.org/10.48443/f1f5-rq28,https://data.neonscience.org/data-products/DP1.20063.001,Aquatic plant bryophyte chemical properties,NEON (National Ecological Observatory Network),2023,NA,NEON (National Ecological Observatory Network),NA,NEON,NA
2,1,raw_repository,"NEON (National Ecological Observatory Network). Chemical properties of surface water (DP1.20093.001), RELEASE-2023. https://doi.org/10.48443/wf2d-h925. Dataset accessed from https://data.neonscience.org on March 9, 2023",https://doi.org/10.48443/wf2d-h925,https://data.neonscience.org/data-products/DP1.20093.001,Chemical properties of surface water,NEON (National Ecological Observatory Network),2023,NA,NEON (National Ecological Observatory Network),NA,NEON,NA
3,1,raw_repository,"NEON (National Ecological Observatory Network). Periphyton, seston, and phytoplankton chemical properties (DP1.20163.001), RELEASE-2023. https://doi.org/10.48443/j0k0-cv96. Dataset accessed from https://data.neonscience.org on March 9, 2023",https://doi.org/10.48443/j0k0-cv96,https://data.neonscience.org/data-products/DP1.20163.001,"Periphyton, seston, and phytoplankton chemical properties",NEON (National Ecological Observatory Network),2023,NA,NEON (National Ecological Observatory Network),NA,NEON,NA
4,2,raw_repository,NA,https://onlinelibrary.wiley.com/doi/10.1002/ece3.3129,https://datadryad.org/stash/dataset/doi:10.5061/dryad.hp08t,Parasite and host elemental content and parasite effects on host nutrient excretion and metabolic rate,"Chodkowski, Nicole",2017,Ecology and Evolution,NA,NA,"higher_education, Ball State University",NA
5,3,raw_repository,NA,10.5061/dryad.hdr7sqvkw,https://datadryad.org/stash/dataset/doi:10.5061/dryad.hdr7sqvkw,"Nutrient concentrations, loading, and N:P stoichiometry (1983 - 2020) and impacts in Flathead Lake (Montana, USA)","Elser, James",2022,Proceedings of the National Academy of Sciences,NA,NA,"higher_education, University of Montana",NA
6,4,raw_repository,NA,10.1002/ece3.5594,https://datadryad.org/stash/dataset/doi:10.5061/dryad.3n4gt77,terrestrial contributions to afrotropical aquatic food webs: the congo river case,"Soto, David",2020,ecology and evolution,"John Wiley & Sons, Ltd",17227,"UK Centre for Ecology & Hydrology, higher_education, Katholieke Universiteit Leuven",NA
7,5,raw_repository,NA,10.3354/meps10442,https://www.int-res.com/articles/suppl/m490p037_supp.xls,Hydrodynamic regulation of salt marsh contributions to aquatic food webs,"Baker, Ronald",2013,Marine Ecology Progress Series,NA,1913,"NOAA, higher_education, James Cook University, LSU",NA
